LR,SVM,RF,GBDT,NN,Probability,Cluster,Risk group
1,0.9999999,0.098,0.00846856128025919,0.927760277606049,0.106899307928294,0,Non critical
